Date/Time,Electricity:Facility,Fans:Electricity,Cooling:Electricity,Heating:Electricity,InteriorLights:Electricity,InteriorEquipment:Electricity,Gas:Facility,Heating:Gas,InteriorEquipment:Gas,Water Heater:WaterSystems:Gas
 01/01  01:00:00,950.2610823,96.21671978,575.4926477,0,34.96165543,113.3127805,622.5120528,608.1271223,5.664669961,8.72026051
 01/01  02:00:00,961.679553,96.21671978,586.4804149,0,34.96165543,113.3127805,629.4628328,606.3775863,5.664669961,17.42057651
 01/01  03:00:00,965.5962747,96.21671978,590.3041887,0,34.96165543,113.3127805,632.9469659,609.8629261,5.664669961,17.41936978
 01/01  04:00:00,966.6873338,96.21671978,591.3958396,0,34.96165543,113.3127805,628.0626215,613.6767966,5.664669961,8.72115489
 01/01  05:00:00,975.9067506,96.21671978,590.5914809,0,44.49376632,113.3127805,629.1531655,606.069399,5.664669961,17.41909654
 01/01  06:00:00,973.6608575,96.21671978,588.4856725,0,44.49376632,113.3127805,639.2125388,607.6299569,14.1616749,17.42090701
 01/01  07:00:00,1045.972137,96.21671978,587.7376028,0,54.02587722,176.8892702,576.6539885,539.6117344,28.3233498,8.718904371
 01/01  08:00:00,1037.625704,96.21671978,587.5203992,0,54.02587722,184.3865456,584.4506996,524.5450711,42.48502471,17.42060378
 01/01  09:00:00,1116.982199,96.21671978,587.4577302,0,65.15725541,220.0431645,565.3745739,491.2285096,56.64669961,17.49936476
 01/01  10:00:00,1110.792426,96.21671978,588.5622834,0,65.15725541,212.5458892,561.3416931,492.4921747,42.48502471,26.36449364
 01/01  11:00:00,1122.227646,96.21671978,592.1131236,0,65.15725541,220.0431645,583.6853596,486.3954733,70.80837451,26.48151183
 01/01  12:00:00,1125.404673,96.21671978,594.1553252,0,65.15725541,220.0431645,572.8724807,466.7552342,70.80837451,35.30887199
 01/01  13:00:00,1124.188437,96.21671978,593.9869927,0,65.15725541,220.0431645,569.9257676,472.6312047,70.80837451,26.48618836
 01/01  14:00:00,1117.411446,96.21671978,594.6738357,0,65.15725541,212.5458892,545.6407939,462.5131478,56.64669961,26.48094645
 01/01  15:00:00,1114.008816,96.21671978,591.6823933,0,65.15725541,212.5458892,527.2934538,449.5004608,42.48502471,35.30796832
 01/01  16:00:00,1109.377415,96.21671978,587.4592235,0,65.15725541,212.5458892,531.1844875,448.0522961,56.64669961,26.48549174
 01/01  17:00:00,1082.890743,96.21671978,582.7039565,0,65.15725541,220.0431645,576.3453501,464.8948859,84.97004941,26.48041484
 01/01  18:00:00,1044.12436,96.21671978,579.2052712,0,54.02587722,184.3865456,609.6788608,498.3483453,84.97004941,26.36046608
 01/01  19:00:00,1012.470977,96.21671978,577.9992598,0,44.49376632,163.4543149,638.1874538,535.7968135,84.97004941,17.42059092
 01/01  20:00:00,1003.751146,96.21671978,576.2737224,0,44.49376632,155.9570395,612.3766049,538.3104927,56.64669961,17.41941255
 01/01  21:00:00,968.8965133,96.21671978,572.9052456,0,44.49376632,124.5586935,647.5796704,582.2117886,56.64669961,8.721182278
 01/01  22:00:00,967.2083466,96.21671978,571.4372263,0,44.49376632,124.5586935,645.3330008,585.4288299,42.48502471,17.41914614
 01/01  23:00:00,957.0855591,96.21671978,571.3638203,0,34.96165543,124.5586935,641.8289306,596.08462,28.3233498,17.4209608
 01/01  24:00:00,957.1468401,96.21671978,570.3150174,0,34.96165543,124.5586935,630.69501,607.8144063,14.1616749,8.718928793
 01/02  01:00:00,955.4481394,96.21671978,569.8981482,0,46.09303362,113.3127805,632.0168092,608.9312932,5.664669961,17.42084605
 01/02  02:00:00,955.8254171,96.21671978,570.2890501,0,46.09303362,113.3127805,630.2069415,607.1224163,5.664669961,17.41985525
 01/02  03:00:00,955.6171423,96.21671978,570.1630441,0,46.09303362,113.3127805,635.1370402,612.0536486,5.664669961,17.41872159
 01/02  04:00:00,953.6309985,96.21671978,568.2294049,0,46.09303362,113.3127805,629.9103628,615.5249067,5.664669961,8.720786177
 01/02  05:00:00,1041.711335,96.21671978,566.0903693,0,100.1506573,148.9693994,603.4899673,580.4051632,5.664669961,17.42013421
 01/02  06:00:00,1041.004525,96.21671978,563.0269968,0,100.1506573,149.8943994,1164.510934,1132.928959,14.1616749,17.4203001
 01/02  07:00:00,1269.803308,96.21671978,557.9479814,0,176.4710373,302.6124365,775.6321366,738.5907278,28.3233498,8.718058981
 01/02  08:00:00,1377.772263,96.21671978,547.6364385,0,243.2593065,310.1097119,730.3895172,661.5269561,42.48502471,26.37753636
 01/02  09:00:00,1411.82758,96.21671978,540.9528802,0,243.2593065,310.1097119,718.6149493,626.6181863,56.64669961,35.35006334
 01/02  10:00:00,1444.535019,96.21671978,539.4782176,0,243.2593065,302.6124365,682.4354565,604.4647741,42.48502471,35.48565771
 01/02  11:00:00,1448.559342,96.21671978,540.2595499,0,243.2593065,310.1097119,683.8537048,577.3350265,70.80837451,35.71030374
 01/02  12:00:00,1450.226672,96.21671978,542.053204,0,243.2593065,310.1097119,676.2456045,560.7003264,70.80837451,44.73690364
 01/02  13:00:00,1409.054004,96.22134109,541.2890624,0,243.2593065,310.1097119,650.3204951,543.9204708,70.80837451,35.59164982
 01/02  14:00:00,1441.107782,96.30975529,539.7187524,0,243.2593065,302.6124365,636.0504391,534.6728672,56.64669961,44.73087224
 01/02  15:00:00,1443.692125,96.41685769,538.425606,0,243.2593065,302.6124365,614.4987332,527.3668315,42.48502471,44.64687703
 01/02  16:00:00,1445.935669,96.51505849,535.583166,0,243.2593065,302.6124365,613.4869596,521.2025376,56.64669961,35.63772244
 01/02  17:00:00,1446.742749,96.60044887,520.17367,0,243.2593065,310.1097119,631.5946297,511.1825155,84.97004941,35.44206482
 01/02  18:00:00,1435.591641,96.68076444,491.446754,0,243.2593065,310.1097119,616.6864746,514.1832017,84.97004941,17.53322347
 01/02  19:00:00,1122.897005,96.21671978,437.6422974,0,166.9389264,199.1109338,559.6754054,457.230659,84.97004941,17.4746969
 01/02  20:00:00,1090.784317,96.21671978,407.6091953,0,166.9389264,191.6136585,535.7827652,456.8647571,56.64669961,22.27130848
 01/02  21:00:00,933.0942121,96.21671978,374.5998556,0,100.1506573,124.5586935,580.9145023,502.8721412,56.64669961,21.39566152
 01/02  22:00:00,860.1757006,96.21671978,342.4866463,0,100.1506573,124.5586935,561.4706595,510.2615509,42.48502471,8.72408392
 01/02  23:00:00,773.5995316,96.21671978,317.0372134,0,46.09303362,124.5586935,583.0893694,537.3467305,28.3233498,17.41928906
 01/02  24:00:00,766.5206803,96.21671978,304.4194075,0,46.09303362,124.5586935,579.7597363,548.176918,14.1616749,17.42114338
 01/03  01:00:00,745.2154419,96.21671978,293.7968953,0,46.09303362,113.3127805,577.8128683,563.4290499,5.664669961,8.719148386
 01/03  02:00:00,731.0448745,96.21671978,277.990544,0,46.09303362,113.3127805,604.3792263,581.2933085,5.664669961,17.42124781
 01/03  03:00:00,724.5032094,96.21671978,268.8740708,0,46.09303362,113.3127805,615.0791998,591.9943321,5.664669961,17.42019778
 01/03  04:00:00,712.7046789,96.21671978,259.1411949,0,46.09303362,113.3127805,633.11523,610.0314825,5.664669961,17.41907747
 01/03  05:00:00,798.4018615,96.21671978,251.881117,0,100.1506573,148.9693994,606.9917045,592.6060467,5.664669961,8.720987813
 01/03  06:00:00,821.9032646,96.21671978,270.480978,0,100.1506573,149.8943994,993.28117,961.69859,14.1616749,17.42090509
 01/03  07:00:00,1034.161786,96.38693797,257.6399881,0,176.4710373,302.6124365,708.3136546,662.5695535,28.3233498,17.42075137
 01/03  08:00:00,1143.349018,96.67906572,258.4727282,0,243.2593065,310.1097119,681.2654793,612.4020121,42.48502471,26.37844243
 01/03  09:00:00,1188.322458,96.80471567,261.4874421,0,243.2593065,310.1097119,675.4243654,592.2535891,56.64669961,26.52407661
 01/03  10:00:00,1213.647083,96.90097589,255.9566688,0,243.2593065,302.6124365,668.5171949,590.5358636,42.48502471,35.49630657
 01/03  11:00:00,1215.427773,96.98440542,255.650489,0,243.2593065,310.1097119,685.963955,570.5037784,70.80837451,44.65180205
 01/03  12:00:00,1223.112166,97.08186995,263.8929126,0,243.2593065,310.1097119,660.98833,554.3922884,70.80837451,35.78766715
 01/03  13:00:00,1196.006072,97.29420802,273.5752454,0,243.2593065,310.1097119,653.3719686,538.0785921,70.80837451,44.48500201
 01/03  14:00:00,1228.587176,97.51389342,276.3057267,0,243.2593065,302.6124365,629.4342016,533.6409793,56.64669961,39.1465227
 01/03  15:00:00,1224.424534,97.77101677,271.808031,0,243.2593065,302.6124365,615.3197494,531.5451996,42.48502471,41.28952511
 01/03  16:00:00,1232.823275,98.0900635,273.4402257,0,243.2593065,302.6124365,624.9767238,525.5829241,56.64669961,42.74710013
 01/03  17:00:00,1247.14101,98.39152848,276.1240067,0,243.2593065,310.1097119,630.4469432,517.0786446,84.97004941,28.39824921
 01/03  18:00:00,1264.792279,98.67989566,278.85483,0,243.2593065,310.1097119,623.3045303,512.0426369,84.97004941,26.29184397
 01/03  19:00:00,979.5591159,96.21671978,260.3796265,0,166.9389264,199.1109338,594.1217969,491.6788586,84.97004941,17.47288886
 01/03  20:00:00,968.7191098,96.21671978,258.0472661,0,166.9389264,191.6136585,570.4457559,496.3255256,56.64669961,17.47353068
 01/03  21:00:00,839.957865,96.21671978,264.0008586,0,100.1506573,124.5586935,609.6212472,535.5001149,56.64669961,17.47443278
 01/03  22:00:00,797.4835429,96.21671978,263.8612101,0,100.1506573,124.5586935,608.6207831,548.7088168,42.48502471,17.4269416
 01/03  23:00:00,720.3653716,96.21671978,255.8138442,0,46.09303362,124.5586935,613.2317355,576.1893031,28.3233498,8.719082514
 01/03  24:00:00,717.0110506,96.21671978,253.0022913,0,46.09303362,124.5586935,616.4199001,584.8372381,14.1616749,17.4209871
 01/04  01:00:00,701.177557,96.21671978,251.7462665,0,46.09303362,113.3127805,616.0147608,592.9283357,5.664669961,17.42175513
 01/04  02:00:00,707.7494565,96.21671978,258.583675,0,46.09303362,113.3127805,614.6520786,591.5682598,5.664669961,17.41914882
 01/04  03:00:00,711.8772641,96.21671978,266.6301872,0,46.09303362,113.3127805,609.7768061,595.3911082,5.664669961,8.721027954
 01/04  04:00:00,710.2809992,96.21671978,267.6665748,0,46.09303362,113.3127805,626.2725487,603.1888171,5.664669961,17.41906158
 01/04  05:00:00,799.3234018,96.21671978,268.5100585,0,100.1506573,148.9693994,606.3668398,583.2812453,5.664669961,17.42092452
 01/04  06:00:00,825.6076466,96.34898789,293.817815,0,100.1506573,149.8943994,931.6191488,908.7390275,14.1616749,8.718446392
 01/04  07:00:00,1060.917269,97.02751064,302.3707121,0,176.4710373,302.6124365,680.3751435,634.6308508,28.3233498,17.4209429
 01/04  08:00:00,1212.484117,97.41062628,344.1493599,0,243.2593065,310.1097119,651.9204397,583.0577065,42.48502471,26.37770846
 01/04  09:00:00,1311.544519,97.88864096,397.7325918,0,243.2593065,310.1097119,637.270862,554.1084075,56.64669961,26.51575484
 01/04  10:00:00,1423.712842,98.34962763,468.1333944,0,243.2593065,302.6124365,603.1549102,525.1592091,42.48502471,35.51067644
 01/04  11:00:00,1467.267982,98.68434642,503.4926126,0,243.2593065,310.1097119,620.0394474,504.5892221,70.80837451,44.64185086
 01/04  12:00:00,1477.157385,99.00267983,515.9865005,0,243.2593065,310.1097119,599.742103,484.1911181,70.80837451,44.74261045
 01/04  13:00:00,1449.750653,99.40130821,527.7127387,0,243.2593065,310.1097119,568.7418204,462.3459006,70.80837451,35.58754526
 01/04  14:00:00,1497.899533,99.8825963,536.6389956,0,243.2593065,302.6124365,545.8423395,444.4561552,56.64669961,44.73948474
 01/04  15:00:00,1501.76862,100.258948,544.9228473,0,243.2593065,302.6124365,510.9269734,423.7889294,42.48502471,44.65301935
 01/04  16:00:00,1498.235348,100.5226006,551.4731342,0,243.2593065,302.6124365,506.4880992,414.2057485,56.64669961,35.635651
 01/04  17:00:00,1498.493794,100.6825064,554.4924968,0,243.2593065,310.1097119,547.7651486,427.3551217,84.97004941,35.43997749
 01/04  18:00:00,1500.616532,100.9335623,556.8143015,0,243.2593065,310.1097119,536.8283393,434.3222564,84.97004941,17.53603351
 01/04  19:00:00,1232.153348,96.21671978,557.5127232,0,166.9389264,199.1109338,521.940971,419.4968239,84.97004941,17.4740977
 01/04  20:00:00,1224.982708,96.21671978,554.5947752,0,166.9389264,191.6136585,497.339561,423.2197981,56.64669961,17.47306332
 01/04  21:00:00,1086.442324,96.21671978,553.9355606,0,100.1506573,124.5586935,536.0377153,461.9168759,56.64669961,17.47413975
 01/04  22:00:00,1049.082158,96.21671978,554.1478384,0,100.1506573,124.5586935,527.8319202,467.9192616,42.48502471,17.42763395
 01/04  23:00:00,982.3615867,96.21671978,553.8748407,0,46.09303362,124.5586935,531.5490782,485.8047653,28.3233498,17.42096304
 01/04  24:00:00,981.8026011,96.21671978,554.7125066,0,46.09303362,124.5586935,522.6973599,491.1158384,14.1616749,17.41984657
 01/05  01:00:00,969.4403485,96.21671978,555.0748103,0,46.09303362,113.3127805,509.9016551,495.5154548,5.664669961,8.721530386
 01/05  02:00:00,966.7010292,96.21671978,554.8712956,0,46.09303362,113.3127805,523.9023898,500.8176656,5.664669961,17.42005422
 01/05  03:00:00,966.4476042,96.21671978,553.1212651,0,46.09303362,113.3127805,528.5648145,505.4781131,5.664669961,17.42203143
 01/05  04:00:00,967.6846195,96.21671978,549.2949511,0,46.09303362,113.3127805,525.2350185,510.8508213,5.664669961,8.71952728
 01/05  05:00:00,1053.030415,96.21671978,544.9789295,0,100.1506573,148.9693994,515.6645956,492.5779528,5.664669961,17.42197286
 01/05  06:00:00,1056.914892,96.60884813,540.4244255,0,100.1506573,149.8943994,830.5547708,798.9701018,14.1616749,17.42299405
 01/05  07:00:00,1283.34642,97.43838772,535.4419545,0,176.4710373,302.6124365,607.9831445,562.239875,28.3233498,17.41991967
 01/05  08:00:00,1386.136457,98.66209969,533.226365,0,243.2593065,310.1097119,580.1709045,520.0920907,42.48502471,17.59378904
 01/05  09:00:00,1425.489514,99.14831544,532.8162874,0,243.2593065,310.1097119,593.3017749,501.2940592,56.64669961,35.3610161
 01/05  10:00:00,1457.989845,99.61548276,534.3619991,0,243.2593065,302.6124365,569.6178044,491.635627,42.48502471,35.49715269
 01/05  11:00:00,1465.518173,100.0318536,535.9260263,0,243.2593065,310.1097119,586.9942602,475.5769535,70.80837451,40.60893218
 01/05  12:00:00,1468.176667,100.4056695,537.3992766,0,243.2593065,310.1097119,574.229184,463.5756771,70.80837451,39.84513247
 01/05  13:00:00,1424.101649,100.724182,538.3919058,0,243.2593065,310.1097119,572.6225459,457.3184444,70.80837451,44.49572694
 01/05  14:00:00,1458.652168,100.9975433,535.3752621,0,243.2593065,302.6124365,548.1725128,455.7330989,56.64669961,35.79271424
 01/05  15:00:00,1457.711529,101.257734,530.3171668,0,243.2593065,302.6124365,540.5210399,453.3878131,42.48502471,44.64820211
 01/05  16:00:00,1452.433562,101.4928469,527.0575127,0,243.2593065,302.6124365,548.2242174,451.5021059,56.64669961,40.07541191
 01/05  17:00:00,1461.117859,101.7102856,526.5495041,0,243.2593065,310.1097119,563.0224033,446.9918594,84.97004941,31.06049449
 01/05  18:00:00,1472.814685,101.9192365,526.4256522,0,243.2593065,310.1097119,557.1562211,445.8927438,84.97004941,26.29342791
 01/05  19:00:00,1189.988143,96.21671978,513.7684913,0,166.9389264,199.1109338,533.3410524,430.897328,84.97004941,17.47367492
 01/05  20:00:00,1134.8638,96.21671978,462.3245316,0,166.9389264,191.6136585,510.7762536,436.6549491,56.64669961,17.4746049
 01/05  21:00:00,964.1836305,96.21671978,420.9955731,0,100.1506573,124.5586935,553.4029846,479.2807136,56.64669961,17.47557141
 01/05  22:00:00,903.2882769,96.21671978,397.5631846,0,100.1506573,124.5586935,546.0982585,486.1852433,42.48502471,17.42799048
 01/05  23:00:00,830.9698372,96.21671978,390.3061502,0,46.09303362,124.5586935,543.4623624,506.419401,28.3233498,8.719611581
 01/05  24:00:00,815.5307652,96.21671978,373.8762926,0,46.09303362,124.5586935,545.9743363,514.3905078,14.1616749,17.42215353
 01/06  01:00:00,784.0970659,96.21671978,354.7101866,0,46.09303362,113.3127805,543.5459351,520.458286,5.664669961,17.42297912
 01/06  02:00:00,778.5700974,96.21671978,348.9598045,0,46.09303362,113.3127805,548.2253095,525.1402438,5.664669961,17.42039577
 01/06  03:00:00,770.6152973,96.21671978,337.8674891,0,46.09303362,113.3127805,548.4934277,534.1070356,5.664669961,8.721722159
 01/06  04:00:00,754.2939592,96.21671978,318.9600685,0,46.09303362,113.3127805,574.2575694,551.1724858,5.664669961,17.42041369
 01/06  05:00:00,825.2513609,96.21671978,300.6018752,0,100.1506573,148.9693994,565.8051409,542.7180638,5.664669961,17.42240707
 01/06  06:00:00,849.5481917,96.70283046,319.9836389,0,100.1506573,149.8943994,862.2635641,839.3821526,14.1616749,8.719736655
 01/06  07:00:00,1074.527198,97.78948649,317.0098871,0,176.4710373,302.6124365,643.2588913,597.513018,28.3233498,17.42252356
 01/06  08:00:00,1180.348313,99.05430557,311.5425745,0,243.2593065,310.1097119,624.7633175,555.897351,42.48502471,26.38094178
 01/06  09:00:00,1218.208248,99.49958279,305.9736573,0,243.2593065,310.1097119,630.9918847,540.5511592,56.64669961,33.79402598
 01/06  10:00:00,1247.581898,99.91473123,300.49852,0,243.2593065,302.6124365,605.7200258,535.0357953,42.48502471,28.19920578
 01/06  11:00:00,1239.377454,100.2764041,281.0070074,0,243.2593065,310.1097119,649.8859549,534.4281189,70.80837451,44.64946145
 01/06  12:00:00,1227.3447,100.5998138,266.2244614,0,243.2593065,310.1097119,647.0907986,531.5394636,70.80837451,44.74296049
 01/06  13:00:00,1176.019639,100.888251,257.5465311,0,243.2593065,310.1097119,637.7475269,531.3439516,70.80837451,35.5952008
 01/06  14:00:00,1199.770796,101.1337588,244.1343162,0,243.2593065,302.6124365,641.364403,539.9711738,56.64669961,44.74652951
 01/06  15:00:00,1197.223266,101.3499002,237.273661,0,243.2593065,302.6124365,628.7526812,541.6127232,42.48502471,44.65493333
 01/06  16:00:00,1198.123572,101.5556928,237.0005802,0,243.2593065,302.6124365,630.0833625,537.7925346,56.64669961,35.64412833
 01/06  17:00:00,1204.26009,101.7410573,230.8903465,0,243.2593065,310.1097119,659.2610655,538.8429531,84.97004941,35.44806298
 01/06  18:00:00,1201.218049,101.9030486,216.1249388,0,243.2593065,310.1097119,653.0682594,550.5629178,84.97004941,17.53529224
 01/06  19:00:00,899.3721201,96.21671978,182.30897,0,166.9389264,199.1109338,717.0284339,614.581771,84.97004941,17.47661352
 01/06  20:00:00,884.8534501,96.21671978,173.3505119,0,166.9389264,191.6136585,703.0448805,620.2005462,56.64669961,26.19763471
 01/06  21:00:00,747.6332107,96.21671978,170.4647556,0,100.1506573,124.5586935,737.6022941,663.4849103,56.64669961,17.47068423
 01/06  22:00:00,707.5699073,96.21671978,166.05621,0,100.1506573,124.5586935,735.9618875,684.7516804,42.48502471,8.725182367
 01/06  23:00:00,641.0314677,96.21671978,162.4090586,0,46.09303362,124.5586935,756.1060927,710.3612977,28.3233498,17.42144521
 01/06  24:00:00,636.6677823,96.21671978,156.2799659,0,46.09303362,124.5586935,766.308588,734.7267105,14.1616749,17.42020259
 01/07  01:00:00,614.2378891,96.21671978,146.430436,0,46.09303362,113.3127805,783.4033111,764.3721621,5.664669961,13.36647899
 01/07  02:00:00,607.5501343,96.21671978,136.1100055,0,46.09303362,113.3127805,814.8307124,796.3918134,5.664669961,12.774229
 01/07  03:00:00,597.172766,96.21671978,120.6110464,0,46.09303362,113.3127805,874.4073946,851.3234853,5.664669961,17.41923927
 01/07  04:00:00,582.8051127,96.21671978,100.9517122,0,46.09303362,113.3127805,940.657074,917.5705792,5.664669961,17.42182484
 01/07  05:00:00,573.0799747,96.21671978,80.18280073,0,55.62514452,113.3127805,987.9166186,973.5326075,5.664669961,8.71934111
 01/07  06:00:00,560.9027255,96.21671978,65.58951122,0,55.62514452,113.3127805,1035.76777,1004.184222,14.1616749,17.42187357
 01/07  07:00:00,625.9663979,96.21671978,59.98410158,0,65.15725541,176.8892702,973.7049471,927.9606367,28.3233498,17.42096069
 01/07  08:00:00,746.8739436,96.53655763,76.22624358,0,109.6827682,220.9681645,1073.210017,1013.304979,42.48502471,17.42001376
 01/07  09:00:00,751.0898654,96.53144554,73.10522527,0,109.6827682,220.9681645,946.0171366,871.8553127,56.64669961,17.51512433
 01/07  10:00:00,866.8651154,96.90808224,83.74148967,0,131.9455246,266.9558176,852.632066,783.7540571,42.48502471,26.39298421
 01/07  11:00:00,894.6313601,96.93781911,106.1411024,0,131.9455246,274.4530929,815.0609571,717.7344081,70.80837451,26.5181745
 01/07  12:00:00,917.7746822,96.95118137,128.4119424,0,131.9455246,274.4530929,797.4116521,691.2497586,70.80837451,35.35351902
 01/07  13:00:00,903.2714334,96.95980987,147.8783762,0,131.9455246,274.4530929,761.5221936,664.1985895,70.80837451,26.51522955
 01/07  14:00:00,911.0662378,96.96623962,164.8849495,0,131.9455246,266.9558176,737.4862745,645.4964891,56.64669961,35.34308582
 01/07  15:00:00,924.323423,96.97135448,177.819513,0,131.9455246,266.9558176,694.070714,625.0720516,42.48502471,26.51363771
 01/07  16:00:00,835.1052318,96.21671978,167.5805189,0,109.6827682,212.5458892,636.4024581,544.4108923,56.64669961,35.34486621
 01/07  17:00:00,849.2912573,96.21671978,168.933978,0,109.6827682,220.0431645,693.6631565,582.175949,84.97004941,26.51715813
 01/07  18:00:00,815.8428058,96.21671978,167.2077153,0,109.6827682,220.0431645,721.8438262,610.4970344,84.97004941,26.37674237
 01/07  19:00:00,779.1069353,96.21671978,168.6644881,0,100.1506573,199.1109338,738.5452398,636.1542679,84.97004941,17.4209225
 01/07  20:00:00,771.3813333,96.21671978,167.4010621,0,100.1506573,191.6136585,713.8239261,648.4552469,56.64669961,8.72197962
 01/07  21:00:00,649.5671713,96.21671978,157.2599953,0,55.62514452,124.5586935,799.7363334,725.6685683,56.64669961,17.42106553
 01/07  22:00:00,644.4113031,96.21671978,151.7043117,0,55.62514452,124.5586935,803.5109369,743.6029676,42.48502471,17.42294459
 01/07  23:00:00,634.4800735,96.21671978,146.4654958,0,46.09303362,124.5586935,811.6368994,774.5935549,28.3233498,8.719994742
 01/07  24:00:00,626.4601923,96.21671978,136.6462969,0,46.09303362,124.5586935,841.3386606,809.7539834,14.1616749,17.42300225
 01/08  01:00:00,585.1690611,96.21671978,120.3637688,0,34.96165543,113.3127805,897.1801099,874.0932045,5.664669961,17.42223544
 01/08  02:00:00,572.3557002,96.21671978,105.8721335,0,34.96165543,113.3127805,938.4016918,915.3156782,5.664669961,17.42134365
 01/08  03:00:00,567.6838197,96.21671978,100.0310272,0,34.96165543,113.3127805,926.4399922,912.0530757,5.664669961,8.722246485
 01/08  04:00:00,561.3037425,96.21671978,92.77342337,0,34.96165543,113.3127805,954.0860003,930.9998746,5.664669961,17.4214557
 01/08  05:00:00,558.4954427,96.21671978,81.60290603,0,44.49376632,113.3127805,981.1164238,958.0281991,5.664669961,17.42355478
 01/08  06:00:00,553.6829274,96.21671978,75.86425009,0,44.49376632,113.3127805,977.7044085,954.8224418,14.1616749,8.720291835
 01/08  07:00:00,617.5534665,96.21671978,69.55889798,0,54.02587722,176.8892702,961.3057351,915.5587343,28.3233498,17.42365103
 01/08  08:00:00,614.5334058,96.21671978,74.92600079,0,54.02587722,184.3865456,896.9244676,837.0167077,42.48502471,17.4227352
 01/08  09:00:00,716.5330315,96.21671978,97.52640317,0,65.15725541,220.0431645,775.6291973,701.4789662,56.64669961,17.50353151
 01/08  10:00:00,739.9266986,96.21671978,127.6904069,0,65.15725541,212.5458892,682.4309742,613.579844,42.48502471,26.36610548
 01/08  11:00:00,790.1101706,96.21671978,167.0201783,0,65.15725541,220.0431645,633.2610687,535.9661774,70.80837451,26.48651677
 01/08  12:00:00,820.7757315,96.21671978,196.3298213,0,65.15725541,220.0431645,612.5420928,506.4191349,70.80837451,35.31458342
 01/08  13:00:00,844.1191197,96.21671978,222.5947409,0,65.15725541,220.0431645,573.5459806,476.246419,70.80837451,26.49118702
 01/08  14:00:00,853.7730978,96.21671978,239.4915718,0,65.15725541,212.5458892,548.9448704,465.8112833,56.64669961,26.48688744
 01/08  15:00:00,856.7250584,96.21671978,242.2684577,0,65.15725541,212.5458892,544.8443441,467.0428473,42.48502471,35.316472
 01/08  16:00:00,858.9681733,96.21671978,247.8507062,0,65.15725541,212.5458892,545.4795218,462.3401705,56.64669961,26.49265175
 01/08  17:00:00,832.6448157,96.21671978,246.856673,0,65.15725541,220.0431645,599.5888355,488.130774,84.97004941,26.48801213
 01/08  18:00:00,778.3115232,96.21671978,231.3690104,0,54.02587722,184.3865456,668.8524176,557.5148886,84.97004941,26.36747957
 01/08  19:00:00,730.7213277,96.21671978,215.1631365,0,44.49376632,163.4543149,735.6763073,633.2852571,84.97004941,17.42100079
 01/08  20:00:00,715.5148545,96.21671978,208.3141698,0,44.49376632,155.9570395,728.4718041,654.4019737,56.64669961,17.42313081
 01/08  21:00:00,675.1328826,96.21671978,201.6784895,0,44.49376632,124.5586935,771.9130488,706.5462463,56.64669961,8.720102942
 01/08  22:00:00,668.9121916,96.21671978,197.2057389,0,44.49376632,124.5586935,782.7026461,722.7943817,42.48502471,17.42323965
 01/08  23:00:00,666.4906833,96.21671978,201.631277,0,34.96165543,124.5586935,771.8143727,726.0686881,28.3233498,17.42233485
 01/08  24:00:00,678.8113771,96.21671978,211.7918953,0,34.96165543,124.5586935,743.1293281,711.5463083,14.1616749,17.42134488
 01/09  01:00:00,689.0090874,96.21671978,222.5335342,0,46.09303362,113.3127805,717.7431146,703.3561074,5.664669961,8.722337206
 01/09  02:00:00,701.3987817,96.21671978,233.8788678,0,46.09303362,113.3127805,716.6164825,693.5301019,5.664669961,17.42171063
 01/09  03:00:00,705.9569311,96.21671978,239.6560174,0,46.09303362,113.3127805,718.8336742,695.7451334,5.664669961,17.42387079
 01/09  04:00:00,713.708731,96.21671978,245.8467908,0,46.09303362,113.3127805,708.0486442,693.6635142,5.664669961,8.720460051
 01/09  05:00:00,808.5349094,96.21671978,250.808805,0,100.1506573,148.9693994,684.8459537,661.7572616,5.664669961,17.42402214
 01/09  06:00:00,850.2907166,96.21671978,287.0403315,0,100.1506573,149.8943994,1161.421371,1129.835942,14.1616749,17.42375387
 01/09  07:00:00,1080.583247,96.49473399,290.7194836,0,176.4710373,302.6124365,788.3733576,742.6278508,28.3233498,17.42215696
 01/09  08:00:00,1188.292345,96.78613791,294.4872013,0,243.2593065,310.1097119,729.2109495,660.3428685,42.48502471,26.38305628
 01/09  09:00:00,1273.850529,96.90718483,337.3692049,0,243.2593065,310.1097119,691.5455412,608.3684476,56.64669961,26.53039403
 01/09  10:00:00,1397.394796,96.99870888,420.3423991,0,243.2593065,302.6124365,655.4174844,577.4258288,42.48502471,35.50663088
 01/09  11:00:00,1476.715362,97.07775647,488.1809074,0,243.2593065,310.1097119,665.7121649,550.2396667,70.80837451,44.66412365
 01/09  12:00:00,1486.811359,97.14841588,502.0531688,0,243.2593065,310.1097119,643.3557462,527.7958967,70.80837451,44.751475
 01/09  13:00:00,1451.014927,97.21242179,515.4741893,0,243.2593065,310.1097119,610.9445344,504.5490221,70.80837451,35.58713778
 01/09  14:00:00,1491.36811,97.27163448,525.0710385,0,243.2593065,302.6124365,586.7958921,485.392216,56.64669961,44.75697648
 01/09  15:00:00,1498.563846,97.3565847,533.671869,0,243.2593065,302.6124365,537.2507934,459.0401006,42.48502471,35.72566812
 01/09  16:00:00,1500.437636,97.56474491,539.2218224,0,243.2593065,302.6124365,541.6952022,440.4819695,56.64669961,44.56653304
 01/09  17:00:00,1505.339157,97.85750409,541.1325667,0,243.2593065,310.1097119,556.6962603,436.28432,84.97004941,35.4418909
 01/09  18:00:00,1512.433814,98.15360084,537.9111947,0,243.2593065,310.1097119,561.3046734,458.7944585,84.97004941,17.5401655
 01/09  19:00:00,1236.322986,96.21671978,530.4460203,0,166.9389264,199.1109338,531.0208352,428.5775094,84.97004941,17.47327634
 01/09  20:00:00,1221.698732,96.21671978,522.6680886,0,166.9389264,191.6136585,510.2393884,436.1197944,56.64669961,17.47289444
 01/09  21:00:00,1083.496489,96.21671978,515.7340471,0,100.1506573,124.5586935,554.0120017,479.8893157,56.64669961,17.47598636
 01/09  22:00:00,1038.66767,96.21671978,508.0895267,0,100.1506573,124.5586935,545.7874561,485.8748359,42.48502471,17.42759548
 01/09  23:00:00,969.69113,96.21671978,504.167237,0,46.09303362,124.5586935,549.5400533,503.7926606,28.3233498,17.42404282
 01/09  24:00:00,942.8639358,96.21671978,476.4834596,0,46.09303362,124.5586935,533.6972351,510.8150242,14.1616749,8.720536023
 01/10  01:00:00,893.5870038,96.21671978,443.4324525,0,46.09303362,113.3127805,539.969114,516.8800159,5.664669961,17.4244281
 01/10  02:00:00,862.9976929,96.21671978,411.9934522,0,46.09303362,113.3127805,545.8521739,522.765248,5.664669961,17.42225593
 01/10  03:00:00,812.7337974,96.21671978,368.2453332,0,46.09303362,113.3127805,554.3643812,531.2770791,5.664669961,17.42263218
 01/10  04:00:00,776.5571189,96.21671978,337.2425744,0,46.09303362,113.3127805,557.8125462,543.4279584,5.664669961,8.719917894
 01/10  05:00:00,852.8194925,96.21671978,324.355851,0,100.1506573,148.9693994,548.8742566,525.7867565,5.664669961,17.42283009
 01/10  06:00:00,896.9216792,96.40351167,364.8739212,0,100.1506573,149.8943994,915.5473586,883.9608127,14.1616749,17.42487098
 01/10  07:00:00,1124.456266,97.07293134,366.397915,0,176.4710373,302.6124365,654.6994779,608.954988,28.3233498,17.4211401
 01/10  08:00:00,1214.454606,97.2903961,347.7310016,0,243.2593065,310.1097119,616.5424642,556.4611699,42.48502471,17.59626956
 01/10  09:00:00,1298.596351,97.62480445,389.3919142,0,243.2593065,310.1097119,609.3380928,517.3236067,56.64669961,35.36778654
 01/10  10:00:00,1432.822343,98.06494238,494.5018602,0,243.2593065,302.6124365,570.0157139,492.0252191,42.48502471,35.50547014
 01/10  11:00:00,1459.612001,98.47943778,517.1353001,0,243.2593065,310.1097119,586.9771425,471.5016283,70.80837451,44.66713968
 01/10  12:00:00,1469.708299,99.04458796,527.702354,0,243.2593065,310.1097119,556.6465827,450.0362023,70.80837451,35.80200584
 01/10  13:00:00,1440.145399,99.57762153,537.9813023,0,243.2593065,310.1097119,549.3001315,433.9983428,70.80837451,44.4934142
 01/10  14:00:00,1483.824764,99.9488324,546.1033039,0,243.2593065,302.6124365,524.2637645,422.8605186,56.64669961,44.75654625
 01/10  15:00:00,1487.438519,100.3863676,551.9531867,0,243.2593065,302.6124365,480.6804996,402.4700152,42.48502471,35.72545961
 01/10  16:00:00,1488.195674,100.672281,554.2636673,0,243.2593065,302.6124365,492.3462293,391.1284076,56.64669961,44.57112208
 01/10  17:00:00,1496.709516,100.8397648,552.8680755,0,243.2593065,310.1097119,516.1077753,397.907071,84.97004941,33.23065482
 01/10  18:00:00,1509.473559,101.0036111,548.9676449,0,243.2593065,310.1097119,519.0466014,414.3507053,84.97004941,19.72584672
 01/10  19:00:00,1236.386073,96.21671978,544.5525271,0,166.9389264,199.1109338,506.227606,403.7824067,84.97004941,17.47514991
 01/10  20:00:00,1227.427125,96.21671978,539.6890892,0,166.9389264,191.6136585,485.9862111,411.8668393,56.64669961,17.47267223
 01/10  21:00:00,1091.332998,96.21671978,533.0754812,0,100.1506573,124.5586935,528.2284688,454.1059863,56.64669961,17.47578289
 01/10  22:00:00,1049.174193,96.21671978,528.0587053,0,100.1506573,124.5586935,521.1099518,461.1975312,42.48502471,17.4273959
 01/10  23:00:00,982.583699,96.21671978,525.9959804,0,46.09303362,124.5586935,526.3234336,480.5762421,28.3233498,17.42384178
 01/10  24:00:00,981.6854315,96.21671978,524.4289017,0,46.09303362,124.5586935,510.490896,487.6087529,14.1616749,8.720468244
 01/11  01:00:00,967.8319818,96.21671978,523.2168604,0,46.09303362,113.3127805,514.5491344,491.4601834,5.664669961,17.42428112
 01/11  02:00:00,967.871893,96.21671978,523.2614107,0,46.09303362,113.3127805,519.0931164,496.0049892,5.664669961,17.42345729
 01/11  03:00:00,968.6139894,96.21671978,523.5446272,0,46.09303362,113.3127805,522.9451681,499.8579392,5.664669961,17.42255899
 01/11  04:00:00,969.1301074,96.21671978,526.8240596,0,46.09303362,113.3127805,517.9537037,503.5661216,5.664669961,8.722912084
 01/11  05:00:00,1059.512611,96.21671978,530.6712046,0,100.1506573,148.9693994,507.5037499,484.4162919,5.664669961,17.42278805
 01/11  06:00:00,1053.570054,96.63259715,535.4795973,0,100.1506573,149.8943994,818.3806817,786.7958468,14.1616749,17.42316002
 01/11  07:00:00,1275.017032,97.37393567,539.7995617,0,176.4710373,302.6124365,597.9049887,552.1604754,28.3233498,17.42116348
 01/11  08:00:00,1373.693984,98.5768911,545.2490968,0,243.2593065,310.1097119,570.3386198,510.2570948,42.48502471,17.59650025
 01/11  09:00:00,1413.044442,99.13599327,553.0219414,0,243.2593065,310.1097119,592.034563,500.0193059,56.64669961,35.3685575
 01/11  10:00:00,1453.561735,99.62724018,560.9742732,0,243.2593065,302.6124365,567.8090782,489.8174951,42.48502471,35.50655838
 01/11  11:00:00,1466.862283,100.0966341,566.229306,0,243.2593065,310.1097119,583.8648578,468.3875064,70.80837451,44.66897684
 01/11  12:00:00,1470.868797,100.3574208,568.8184811,0,243.2593065,310.1097119,573.3579389,466.7458369,70.80837451,35.80372747
 01/11  13:00:00,1426.405298,100.6835668,565.943764,0,243.2593065,310.1097119,574.6225863,459.318857,70.80837451,44.49535475
 01/11  14:00:00,1459.146556,101.0588742,561.6342051,0,243.2593065,302.6124365,549.8878322,448.4820795,56.64669961,44.75905306
 01/11  15:00:00,1462.08066,101.3140363,559.7897728,0,243.2593065,302.6124365,524.5595536,446.3469845,42.48502471,35.7275444
 01/11  16:00:00,1470.121119,101.5763449,556.7378788,0,243.2593065,302.6124365,543.1076301,441.8912729,56.64669961,44.56965757
 01/11  17:00:00,1480.154258,101.7897041,550.618619,0,243.2593065,310.1097119,558.8840988,438.4703278,84.97004941,35.44372165
 01/11  18:00:00,1489.465662,101.969615,545.906563,0,243.2593065,310.1097119,543.4865032,440.975779,84.97004941,17.54067473
 01/11  19:00:00,1218.165793,96.21671978,543.4634988,0,166.9389264,199.1109338,526.6540682,424.2081473,84.97004941,17.47587145
 01/11  20:00:00,1214.544333,96.21671978,541.1362947,0,166.9389264,191.6136585,502.9076234,428.7874819,56.64669961,17.47344188
 01/11  21:00:00,1077.717781,96.21671978,539.8452381,0,100.1506573,124.5586935,543.3829704,469.2596835,56.64669961,17.47658732
 01/11  22:00:00,1041.830707,96.21671978,538.3895292,0,100.1506573,124.5586935,537.0103872,477.0972149,42.48502471,17.42814763
 01/11  23:00:00,981.0763633,96.21671978,532.8245272,0,46.09303362,124.5586935,543.0408962,497.2928967,28.3233498,17.42464974
 01/11  24:00:00,980.0097151,96.21671978,527.2347739,0,46.09303362,124.5586935,527.0437282,504.1611979,14.1616749,8.720855444
 01/12  01:00:00,967.8177567,96.21671978,521.7326088,0,46.09303362,113.3127805,533.4856977,510.3959107,5.664669961,17.42511699
 01/12  02:00:00,933.4327842,96.21671978,484.2509667,0,46.09303362,113.3127805,540.5886492,517.5027116,5.664669961,17.42126764
 01/12  03:00:00,885.3986471,96.21671978,436.4701965,0,46.09303362,113.3127805,546.5450568,523.4569598,5.664669961,17.42342712
 01/12  04:00:00,849.9003185,96.21671978,401.3825411,0,46.09303362,113.3127805,545.184811,530.799819,5.664669961,8.720322104
 01/12  05:00:00,941.9002037,96.21671978,405.8004558,0,100.1506573,148.9693994,534.6462654,511.5578756,5.664669961,17.42371981
 01/12  06:00:00,999.7618378,96.70957169,457.4492893,0,100.1506573,149.8943994,852.0473317,820.4598385,14.1616749,17.42581836
 01/12  07:00:00,1223.45354,97.79016904,452.366697,0,176.4710373,302.6124365,629.4678289,583.7223705,28.3233498,17.42210863
 01/12  08:00:00,1349.507215,99.10672897,469.0722882,0,243.2593065,310.1097119,598.7338668,538.6511168,42.48502471,17.59772532
 01/12  09:00:00,1410.507874,99.73699346,491.201924,0,243.2593065,310.1097119,610.1170133,518.0989435,56.64669961,35.37137021
 01/12  10:00:00,1450.810589,100.384786,502.0301882,0,243.2593065,302.6124365,571.8185224,493.8240113,42.48502471,35.50948636
 01/12  11:00:00,1464.613516,100.8353899,509.4570685,0,243.2593065,310.1097119,586.2719486,470.7903987,70.80837451,44.67317543
 01/12  12:00:00,1472.23078,101.1842839,515.8109446,0,243.2593065,310.1097119,570.2362841,454.6705265,70.80837451,44.75738314
 01/12  13:00:00,1435.827607,101.4775061,521.1737751,0,243.2593065,310.1097119,551.5087706,445.1088993,70.80837451,35.59149674
 01/12  14:00:00,1469.346942,101.8494042,523.9483158,0,243.2593065,302.6124365,533.6904533,432.2798284,56.64669961,44.76392535
 01/12  15:00:00,1470.838191,102.2360959,526.7313336,0,243.2593065,302.6124365,484.3273903,406.1108926,42.48502471,35.73147306
 01/12  16:00:00,1471.547619,102.4271052,530.4878061,0,243.2593065,302.6124365,491.8711278,390.651387,56.64669961,44.57304119
 01/12  17:00:00,1476.878565,102.5127147,534.0515625,0,243.2593065,310.1097119,514.9960671,394.5787102,84.97004941,35.44730746
 01/12  18:00:00,1491.310151,102.5760023,534.4025173,0,243.2593065,310.1097119,518.3369764,415.8288637,84.97004941,17.53806324
 01/12  19:00:00,1219.96464,96.21671978,530.2932213,0,166.9389264,199.1109338,517.4998827,415.0548303,84.97004941,17.47500304
 01/12  20:00:00,1186.54551,96.21671978,501.8281501,0,166.9389264,191.6136585,497.5392712,423.4175079,56.64669961,17.47506367
 01/12  21:00:00,1017.854251,96.21671978,467.4591344,0,100.1506573,124.5586935,539.3132248,465.1900661,56.64669961,17.47645907
 01/12  22:00:00,968.5499514,96.21671978,457.0413251,0,100.1506573,124.5586935,532.6739177,472.7591278,42.48502471,17.42976523
 01/12  23:00:00,886.1337468,96.21671978,440.0282362,0,46.09303362,124.5586935,538.4795509,492.7329039,28.3233498,17.42329723
 01/12  24:00:00,866.6811583,96.21671978,419.7772262,0,46.09303362,124.5586935,532.1955523,500.6114583,14.1616749,17.42241912
 01/13  01:00:00,847.0504254,96.21671978,412.9686675,0,46.09303362,113.3127805,520.8936771,506.5060848,5.664669961,8.722922313
 01/13  02:00:00,853.0720459,96.21671978,422.0251088,0,46.09303362,113.3127805,534.7392075,511.651613,5.664669961,17.42292458
 01/13  03:00:00,865.3662109,96.21671978,436.2083533,0,46.09303362,113.3127805,540.3956115,517.3057253,5.664669961,17.42521619
 01/13  04:00:00,844.6033075,96.21671978,415.5644741,0,46.09303362,113.3127805,546.5965595,526.7728475,5.664669961,14.15904206
 01/13  05:00:00,920.3227183,96.21671978,397.3520672,0,100.1506573,148.9693994,526.0953236,508.4465936,5.664669961,11.9840601
 01/13  06:00:00,972.0397803,96.73307222,442.034962,0,100.1506573,149.8943994,846.3064355,814.7210402,14.1616749,17.42372039
 01/13  07:00:00,1221.013856,97.98579523,461.886666,0,176.4710373,302.6124365,624.0849352,578.3376869,28.3233498,17.42389851
 01/13  08:00:00,1370.483252,99.67328437,503.2588486,0,243.2593065,310.1097119,590.0846029,521.2126044,42.48502471,26.38697377
 01/13  09:00:00,1420.63225,100.5420114,516.9783861,0,243.2593065,310.1097119,562.1864656,479.0042037,56.64669961,26.5355623
 01/13  10:00:00,1465.410123,101.1552011,535.0583057,0,243.2593065,302.6124365,529.9508689,451.9515894,42.48502471,35.51425477
 01/13  11:00:00,1492.410821,101.6874617,555.2417883,0,243.2593065,310.1097119,540.9351729,425.4560471,70.80837451,44.67075129
 01/13  12:00:00,1497.873294,102.1965215,557.5530214,0,243.2593065,310.1097119,518.2189372,402.6462777,70.80837451,44.76428497
 01/13  13:00:00,1450.54284,102.6667902,552.9427687,0,243.2593065,310.1097119,491.3406152,384.9356751,70.80837451,35.59656556
 01/13  14:00:00,1476.089893,103.0445192,551.2684073,0,243.2593065,302.6124365,470.6192996,369.2105081,56.64669961,44.7620919
 01/13  15:00:00,1472.11242,103.4009496,551.1641265,0,243.2593065,302.6124365,435.0198254,348.1701966,42.48502471,44.36460403
 01/13  16:00:00,1472.71094,103.7068177,553.5735162,0,243.2593065,302.6124365,430.6767951,338.075496,56.64669961,35.95459953
 01/13  17:00:00,1488.623284,103.7299885,559.7171283,0,243.2593065,310.1097119,466.0332277,345.6102551,84.97004941,35.45292321
 01/13  18:00:00,1511.995117,103.8045913,566.3745112,0,243.2593065,310.1097119,469.0631136,366.5522697,84.97004941,17.54079443
 01/13  19:00:00,1245.985711,96.21671978,589.5630225,0,166.9389264,199.1109338,477.0398655,374.5918741,84.97004941,17.47794201
 01/13  20:00:00,1231.062774,96.21671978,590.5295245,0,166.9389264,191.6136585,458.2068657,384.0824156,56.64669961,17.47775048
 01/13  21:00:00,1093.499209,96.21671978,588.1920891,0,100.1506573,124.5586935,508.7380562,425.8894042,56.64669961,26.20195239
 01/13  22:00:00,1053.896247,96.21671978,587.788776,0,100.1506573,124.5586935,484.1722089,432.961444,42.48502471,8.725740158
 01/13  23:00:00,988.5531651,96.21671978,585.6561889,0,46.09303362,124.5586935,497.4107242,451.6646161,28.3233498,17.42275831
 01/13  24:00:00,989.3483339,96.21671978,582.0412323,0,46.09303362,124.5586935,489.312337,457.7256282,14.1616749,17.42503387
 01/14  01:00:00,979.2523325,96.21671978,577.6956245,0,46.09303362,113.3127805,477.3667574,462.980941,5.664669961,8.721146456
 01/14  02:00:00,982.5953357,96.21671978,573.9643666,0,46.09303362,113.3127805,490.0145921,466.9243271,5.664669961,17.42559498
 01/14  03:00:00,985.3385559,96.21671978,572.0419452,0,46.09303362,113.3127805,493.0127558,469.9262812,5.664669961,17.4218047
 01/14  04:00:00,987.3363565,96.21671978,570.8046018,0,46.09303362,113.3127805,496.9728649,473.8841846,5.664669961,17.42401034
 01/14  05:00:00,994.8898374,96.21671978,567.4050535,0,55.62514452,113.3127805,482.3368896,467.9515953,5.664669961,8.720624338
 01/14  06:00:00,992.27394,96.21671978,563.2028683,0,55.62514452,113.3127805,502.6576972,471.0716389,14.1616749,17.42438334
 01/14  07:00:00,1060.822744,96.21671978,560.993879,0,65.15725541,176.8892702,459.1694696,413.4224545,28.3233498,17.42366533
 01/14  08:00:00,1162.482547,96.52781209,558.9977606,0,109.6827682,220.9681645,729.9880741,670.080181,42.48502471,17.4228684
 01/14  09:00:00,1167.210256,96.5238415,559.7323776,0,109.6827682,220.9681645,624.1638128,549.9980379,56.64669961,17.51907529
 01/14  10:00:00,1274.170161,96.96747073,567.476046,0,131.9455246,266.9558176,577.6344079,508.7491513,42.48502471,26.40023191
 01/14  11:00:00,1288.628441,97.23666238,580.8452323,0,131.9455246,274.4530929,579.1423925,481.8135164,70.80837451,26.52050156
 01/14  12:00:00,1286.94414,97.45597798,579.7977884,0,131.9455246,274.4530929,568.6245845,462.4502459,70.80837451,35.36596405
 01/14  13:00:00,1252.371628,97.68685523,573.8782501,0,131.9455246,274.4530929,540.4155507,443.0927118,70.80837451,26.51446439
 01/14  14:00:00,1240.771961,97.93710297,571.1030189,0,131.9455246,266.9558176,519.2740679,427.2706413,56.64669961,35.35672693
 01/14  15:00:00,1239.524948,98.0295368,572.4949672,0,131.9455246,266.9558176,476.2426455,407.2418073,42.48502471,26.51581347
 01/14  16:00:00,1171.555225,96.21671978,583.5035718,0,109.6827682,212.5458892,395.2103577,303.2085366,56.64669961,35.35512147
 01/14  17:00:00,1189.510561,96.21671978,594.5490127,0,109.6827682,220.0431645,427.9024278,316.4147704,84.97004941,26.51760801
 01/14  18:00:00,1170.656317,96.21671978,602.7871241,0,109.6827682,220.0431645,452.5184744,341.1654672,84.97004941,26.38295776
 01/14  19:00:00,1139.687964,96.21671978,610.8007437,0,100.1506573,199.1109338,486.0599343,383.6656176,84.97004941,17.42426731
 01/14  20:00:00,1135.605463,96.21671978,613.448396,0,100.1506573,191.6136585,464.6237075,390.5535129,56.64669961,17.42349497
 01/14  21:00:00,1022.26208,96.21671978,611.9492692,0,55.62514452,124.5586935,499.3113955,433.944732,56.64669961,8.719963859
 01/14  22:00:00,1017.982075,96.21671978,608.502725,0,55.62514452,124.5586935,500.3224542,440.4135572,42.48502471,17.42387227
 01/14  23:00:00,1004.326269,96.21671978,605.22176,0,46.09303362,124.5586935,503.0711483,457.3246366,28.3233498,17.42316194
 01/14  24:00:00,1002.617456,96.21671978,602.6074954,0,46.09303362,124.5586935,494.5290515,462.9450103,14.1616749,17.42236629
 01/15  01:00:00,978.4435415,96.21671978,601.9881911,0,34.96165543,113.3127805,480.9223036,466.5347515,5.664669961,8.722882059
 01/15  02:00:00,979.6570426,96.21671978,603.2228395,0,34.96165543,113.3127805,494.5342409,471.44664,5.664669961,17.42293096
 01/15  03:00:00,979.0632262,96.21671978,602.7428838,0,34.96165543,113.3127805,500.3306933,477.2407778,5.664669961,17.42524557
 01/15  04:00:00,978.3851586,96.21671978,602.1281998,0,34.96165543,113.3127805,497.437978,483.0521037,5.664669961,8.721204355
 01/15  05:00:00,985.5936694,96.21671978,599.5102067,0,44.49376632,113.3127805,501.5580318,478.4677043,5.664669961,17.42565759
 01/15  06:00:00,981.6400559,96.21671978,595.8363636,0,44.49376632,113.3127805,514.4586309,482.8755366,14.1616749,17.42141942
 01/15  07:00:00,1050.733434,96.21671978,592.2520367,0,54.02587722,176.8892702,470.0167901,424.2693371,28.3233498,17.42410315
 01/15  08:00:00,1037.96086,96.21671978,587.7374881,0,54.02587722,184.3865456,461.6054239,410.3997155,42.48502471,8.720683681
 01/15  09:00:00,1118.223393,96.21671978,588.3552818,0,65.15725541,220.0431645,462.6112598,379.7176594,56.64669961,26.24690079
 01/15  10:00:00,1118.742632,96.21671978,595.4305221,0,65.15725541,212.5458892,430.0876553,361.2318975,42.48502471,26.37073305
 01/15  11:00:00,1136.210077,96.21671978,604.789862,0,65.15725541,220.0431645,449.9875116,352.6803173,70.80837451,26.49881973
 01/15  12:00:00,1136.22895,96.21671978,604.3258429,0,65.15725541,220.0431645,447.1902812,349.8862759,70.80837451,26.49563077
 01/15  13:00:00,1128.55326,96.21671978,598.2107732,0,65.15725541,220.0431645,452.9558402,346.8269013,70.80837451,35.32056437
 01/15  14:00:00,1120.508959,96.21671978,597.3066309,0,65.15725541,212.5458892,422.5054078,339.3612288,56.64669961,26.49747936
 01/15  15:00:00,1125.352889,96.21671978,601.7256633,0,65.15725541,212.5458892,393.0655132,324.0882468,42.48502471,26.49224159
 01/15  16:00:00,1128.111406,96.21671978,604.4226108,0,65.15725541,212.5458892,409.0306568,317.0596187,56.64669961,35.32433853
 01/15  17:00:00,1096.743275,96.21671978,598.8938773,0,65.15725541,220.0431645,443.5625206,332.093274,84.97004941,26.49919716
 01/15  18:00:00,1053.673299,96.21671978,585.4842653,0,54.02587722,184.3865456,478.5346736,367.1937605,84.97004941,26.37086365
 01/15  19:00:00,1015.512149,96.21671978,577.7378573,0,44.49376632,163.4543149,513.2896437,410.8945929,84.97004941,17.42500139
 01/15  20:00:00,1005.829699,96.21671978,575.9501099,0,44.49376632,155.9570395,487.4539238,422.0861314,56.64669961,8.721092794
 01/15  21:00:00,973.3288828,96.21671978,573.719926,0,44.49376632,124.5586935,535.2769522,461.2048404,56.64669961,17.42541218
 01/15  22:00:00,972.1249202,96.21671978,572.8858488,0,44.49376632,124.5586935,529.7809585,469.8712342,42.48502471,17.42469968
 01/15  23:00:00,964.931839,96.21671978,571.3390121,0,34.96165543,124.5586935,535.8975856,490.1503709,28.3233498,17.42386485
 01/15  24:00:00,964.6289443,96.21671978,568.6399772,0,34.96165543,124.5586935,521.0577086,498.1754617,14.1616749,8.720571998
 01/16  01:00:00,949.3624746,96.21671978,568.1691631,0,34.96165543,113.3127805,526.4973977,503.4082344,5.664669961,17.42449335
 01/16  02:00:00,947.858229,96.21671978,570.2926182,0,34.96165543,113.3127805,530.7233957,507.6349442,5.664669961,17.42378145
 01/16  03:00:00,948.8277561,96.21671978,572.5231377,0,34.96165543,113.3127805,538.5417462,515.4540312,5.664669961,17.42304502
 01/16  04:00:00,957.651094,96.21671978,582.1936163,0,34.96165543,113.3127805,533.398301,519.0104551,5.664669961,8.723175984
 01/16  05:00:00,991.2429729,96.21671978,603.7823602,0,44.49376632,113.3127805,533.8181125,510.729975,5.664669961,17.42346749
 01/16  06:00:00,989.4913775,96.21671978,600.5639722,0,44.49376632,113.3127805,543.4042049,511.8167153,14.1616749,17.42581473
 01/16  07:00:00,1060.03471,96.21671978,597.3735935,0,54.02587722,176.8892702,489.2522327,445.8154234,28.3233498,15.11345947
 01/16  08:00:00,1051.304411,96.21671978,596.4959089,0,54.02587722,184.3865456,492.6886029,439.1729516,42.48502471,11.03062661
 01/16  09:00:00,1125.658585,96.21671978,590.9506784,0,65.15725541,220.0431645,506.3668971,423.4721681,56.64669961,26.24802942
 01/16  10:00:00,1110.309991,96.21671978,582.4547231,0,65.15725541,212.5458892,475.7496816,415.677554,42.48502471,17.58710287
 01/16  11:00:00,1109.300536,96.21671978,573.4219159,0,65.15725541,220.0431645,513.6214935,407.4891182,70.80837451,35.3240008
 01/16  12:00:00,1106.745119,96.21671978,569.5696862,0,65.15725541,220.0431645,499.6292584,402.3221278,70.80837451,26.49875606
 01/16  13:00:00,1103.430748,96.21671978,567.1846641,0,65.15725541,220.0431645,499.2164129,397.2350163,70.80837451,31.17302213
 01/16  14:00:00,1094.814692,96.21671978,565.9384082,0,65.15725541,212.5458892,479.2904752,391.9993005,56.64669961,30.64447509
 01/16  15:00:00,1091.129687,96.21671978,562.2975856,0,65.15725541,212.5458892,445.1471974,376.1662363,42.48502471,26.49593648
 01/16  16:00:00,1089.75514,96.21671978,560.854973,0,65.15725541,212.5458892,466.1222864,374.1544897,56.64669961,35.32109712
 01/16  17:00:00,1067.098718,96.21671978,563.6405363,0,65.15725541,220.0431645,492.0782099,380.6067781,84.97004941,26.50138234
 01/16  18:00:00,1038.512023,96.21671978,566.5040491,0,54.02587722,184.3865456,514.299318,402.9559079,84.97004941,26.3733607
 01/16  19:00:00,1009.583786,96.21671978,568.0835273,0,44.49376632,163.4543149,543.0274071,440.6340867,84.97004941,17.42327102
 01/16  20:00:00,1007.009029,96.21671978,572.5604357,0,44.49376632,155.9570395,514.5120542,449.1420761,56.64669961,8.723278496
 01/16  21:00:00,981.1516504,96.21671978,578.5538311,0,44.49376632,124.5586935,560.2191674,486.148824,56.64669961,17.42364374
 01/16  22:00:00,986.5786615,96.21671978,584.8092629,0,44.49376632,124.5586935,553.5552703,493.6442465,42.48502471,17.42599905
 01/16  23:00:00,979.3272497,96.21671978,587.8676928,0,34.96165543,124.5586935,556.0575912,510.3120045,28.3233498,17.42223684
 01/16  24:00:00,977.2318766,96.21671978,584.5687844,0,34.96165543,124.5586935,536.5793845,513.694992,14.1616749,8.722717527
 01/17  01:00:00,981.6149728,96.21671978,590.5215742,0,46.09303362,113.3127805,538.7016688,515.6142468,5.664669961,17.42275205
 01/17  02:00:00,989.1284067,96.21671978,598.6355619,0,46.09303362,113.3127805,541.3140272,518.2242166,5.664669961,17.4251407
 01/17  03:00:00,991.4625294,96.21671978,601.2630727,0,46.09303362,113.3127805,534.7052658,520.3194026,5.664669961,8.721193248
 01/17  04:00:00,992.2473138,96.21671978,602.1351124,0,46.09303362,113.3127805,546.2673965,523.1770887,5.664669961,17.42563788
 01/17  05:00:00,1085.356612,96.21671978,601.9304264,0,100.1506573,148.9693994,516.7035887,493.6122817,5.664669961,17.42663706
 01/17  06:00:00,1078.646672,96.21671978,593.7200657,0,100.1506573,149.8943994,985.3321169,953.7462355,14.1616749,17.42420644
 01/17  07:00:00,1304.86249,96.22372463,592.097941,0,176.4710373,302.6124365,646.0697639,609.0256477,28.3233498,8.7207664
 01/17  08:00:00,1409.962044,96.43778058,590.0442968,0,243.2593065,310.1097119,605.1442285,536.2705698,42.48502471,26.38863397
 01/17  09:00:00,1448.989022,96.5704382,587.6647734,0,243.2593065,310.1097119,585.3624241,493.3449891,56.64669961,35.37073535
 01/17  10:00:00,1480.34906,96.67523947,585.6960733,0,243.2593065,302.6124365,541.4992932,463.5038183,42.48502471,35.51045012
 01/17  11:00:00,1481.762161,96.76787864,579.3052534,0,243.2593065,310.1097119,553.4033037,440.5075032,70.80837451,42.08742601
 01/17  12:00:00,1476.031578,96.85255942,571.928996,0,243.2593065,310.1097119,535.9931822,426.7790745,70.80837451,38.40573317
 01/17  13:00:00,1426.63736,96.99244232,563.6829998,0,243.2593065,310.1097119,527.8409854,412.5274666,70.80837451,44.50514433
 01/17  14:00:00,1453.032761,97.21342508,555.9937281,0,243.2593065,302.6124365,501.2034548,399.7872226,56.64669961,44.76953265
 01/17  15:00:00,1448.748904,97.5717228,550.9439119,0,243.2593065,302.6124365,464.2385173,386.0171184,42.48502471,35.73637417
 01/17  16:00:00,1449.894232,97.81755901,551.8420791,0,243.2593065,302.6124365,487.7400584,386.5131253,56.64669961,44.58023349
 01/17  17:00:00,1458.525671,98.14235704,553.5450012,0,243.2593065,310.1097119,510.1714049,389.7493298,84.97004941,35.45202573
 01/17  18:00:00,1472.430635,98.51945359,551.4486092,0,243.2593065,310.1097119,492.9077028,390.3980985,84.97004941,17.53955481
 01/17  19:00:00,1213.705083,96.21671978,561.0032255,0,166.9389264,199.1109338,467.1064718,364.6586372,84.97004941,17.47778512
 01/17  20:00:00,1208.283149,96.21671978,563.235464,0,166.9389264,191.6136585,444.9899632,370.8666121,56.64669961,17.47665153
 01/17  21:00:00,1071.877389,96.21671978,560.5821446,0,100.1506573,124.5586935,486.5151447,412.3902675,56.64669961,17.47817758
 01/17  22:00:00,1030.84003,96.21671978,558.8087837,0,100.1506573,124.5586935,476.0984697,416.182061,42.48502471,17.43138397
 01/17  23:00:00,963.7376085,96.21671978,558.8525129,0,46.09303362,124.5586935,478.582444,432.8340763,28.3233498,17.42501794
 01/17  24:00:00,965.3651298,96.21671978,559.7203343,0,46.09303362,124.5586935,468.6612771,437.0753773,14.1616749,17.42422493
 01/18  01:00:00,953.3676598,96.21671978,560.1472411,0,46.09303362,113.3127805,453.5535564,439.1680574,5.664669961,8.720828966
 01/18  02:00:00,953.8219017,96.21671978,560.6782262,0,46.09303362,113.3127805,464.1277116,441.038165,5.664669961,17.42487672
 01/18  03:00:00,955.6755821,96.21671978,562.6753623,0,46.09303362,113.3127805,467.3513458,444.2624059,5.664669961,17.42426992
 01/18  04:00:00,955.2355775,96.21671978,562.1713145,0,46.09303362,113.3127805,470.2932547,447.2050364,5.664669961,17.42354828
 01/18  05:00:00,1044.609063,96.21671978,560.9709401,0,100.1506573,148.9693994,441.5931004,427.2049778,5.664669961,8.723452601
 01/18  06:00:00,1039.133686,96.21787525,553.6068195,0,100.1506573,149.8943994,717.6239961,686.0377228,14.1616749,17.4245984
 01/18  07:00:00,1262.830111,96.90130219,547.2404458,0,176.4710373,302.6124365,519.5032857,473.7534936,28.3233498,17.42644228
 01/18  08:00:00,1369.444605,97.54883919,545.1831924,0,243.2593065,310.1097119,498.4481959,429.5763662,42.48502471,26.38680503
 01/18  09:00:00,1458.356243,97.94115315,595.7492173,0,243.2593065,310.1097119,514.5447981,431.3624253,56.64669961,26.5356732
 01/18  10:00:00,1509.391676,98.27682753,615.1956537,0,243.2593065,302.6124365,506.7143077,428.7056836,42.48502471,35.52359932
 01/18  11:00:00,1510.226091,98.76706881,608.0449415,0,243.2593065,310.1097119,528.5682968,413.0851162,70.80837451,44.67480607
 01/18  12:00:00,1509.030809,99.13894035,605.3756767,0,243.2593065,310.1097119,528.4588172,412.8804171,70.80837451,44.7700256
 01/18  13:00:00,1465.785612,99.5404706,603.8108367,0,243.2593065,310.1097119,516.1869563,409.7702984,70.80837451,35.60828341
 01/18  14:00:00,1495.39904,99.82736588,580.9546611,0,243.2593065,302.6124365,518.0653436,416.6498461,56.64669961,44.7687979
 01/18  15:00:00,1463.262346,100.110817,505.6586421,0,243.2593065,302.6124365,510.0764262,422.9136728,42.48502471,44.67772876
 01/18  16:00:00,1367.337715,100.4042062,397.2293665,0,243.2593065,302.6124365,519.9833599,427.6732713,56.64669961,35.66338897
 01/18  17:00:00,1279.927814,100.65575,302.3764882,0,243.2593065,310.1097119,576.2756498,455.8397658,84.97004941,35.46583455
 01/18  18:00:00,1245.92529,100.8955935,250.9455518,0,243.2593065,310.1097119,598.6138031,487.3424412,84.97004941,26.30131251
 01/18  19:00:00,923.6884917,96.21671978,196.3771114,0,166.9389264,199.1109338,670.5449953,568.099744,84.97004941,17.47520189
 01/18  20:00:00,886.531201,96.21671978,167.7174448,0,166.9389264,191.6136585,694.0087057,619.8855536,56.64669961,17.47645246
 01/18  21:00:00,742.2561602,96.21671978,149.0732667,0,100.1506573,124.5586935,771.0179832,696.8934615,56.64669961,17.47782205
 01/18  22:00:00,698.6354341,96.21671978,137.6984733,0,100.1506573,124.5586935,786.146583,726.231489,42.48502471,17.43006929
 01/18  23:00:00,624.7766506,96.21671978,127.1566533,0,46.09303362,124.5586935,800.2272933,763.1820758,28.3233498,8.721867746
 01/18  24:00:00,612.8324551,96.21671978,115.9935523,0,46.09303362,124.5586935,822.9005951,791.3142949,14.1616749,17.4246253
 01/19  01:00:00,593.7397316,96.21671978,109.4885478,0,46.09303362,113.3127805,815.5242215,792.4337829,5.664669961,17.42576867
 01/19  02:00:00,591.317219,96.21671978,107.8759492,0,46.09303362,113.3127805,804.4204735,781.3323324,5.664669961,17.42347116
 01/19  03:00:00,590.4349741,96.21671978,107.2575084,0,46.09303362,113.3127805,791.6519559,777.2638724,5.664669961,8.723413507
 01/19  04:00:00,596.6835493,96.21671978,112.7567755,0,46.09303362,113.3127805,775.9286147,752.8399521,5.664669961,17.42399265
 01/19  05:00:00,690.3846041,96.21671978,118.1987816,0,100.1506573,148.9693994,745.3462035,722.2551252,5.664669961,17.42640837
 01/19  06:00:00,708.338286,96.57987659,131.592221,0,100.1506573,149.8943994,962.6616567,931.0772462,14.1616749,17.42273559
 01/19  07:00:00,921.3630455,97.24106456,118.4673399,0,176.4710373,302.6124365,783.7252331,746.6788952,28.3233498,8.722988131
 01/19  08:00:00,1022.639494,98.37887454,109.7669659,0,243.2593065,310.1097119,773.2238318,704.3468206,42.48502471,26.39198649
 01/19  09:00:00,1066.24572,99.05315483,112.1824509,0,243.2593065,310.1097119,734.3478249,642.3322844,56.64669961,35.3688409
 01/19  10:00:00,1110.817664,99.66283603,123.6117631,0,243.2593065,302.6124365,670.8714819,592.8775512,42.48502471,35.50890602
 01/19  11:00:00,1133.355154,100.1563051,139.4530013,0,243.2593065,310.1097119,655.2975486,548.7480512,70.80837451,35.7411229
 01/19  12:00:00,1158.599478,100.5925432,163.0350076,0,243.2593065,310.1097119,633.2636668,517.6851745,70.80837451,44.77011784
 01/19  13:00:00,1147.33914,101.0202532,192.7161185,0,243.2593065,310.1097119,603.1012318,487.7739892,70.80837451,44.51886809
 01/19  14:00:00,1218.740073,101.3855339,229.9329276,0,243.2593065,302.6124365,557.437294,456.0218966,56.64669961,44.76869783
 01/19  15:00:00,1243.44266,101.6613081,254.5353817,0,243.2593065,302.6124365,509.8185841,431.5977889,42.48502471,35.7357704
 01/19  16:00:00,1251.484813,101.8480545,261.5568568,0,243.2593065,302.6124365,521.9332978,420.6981178,56.64669961,44.58848037
 01/19  17:00:00,1255.082835,101.9454939,257.207365,0,243.2593065,310.1097119,547.7383241,427.3166585,84.97004941,35.45161614
 01/19  18:00:00,1255.016537,101.9999539,242.5878839,0,243.2593065,310.1097119,569.0639904,466.5503977,84.97004941,17.54354337
 01/19  19:00:00,935.0542215,96.21671978,197.3535599,0,166.9389264,199.1109338,656.0267436,553.5788202,84.97004941,17.47787406
 01/19  20:00:00,905.9113986,96.21671978,178.6544451,0,166.9389264,191.6136585,648.8647951,574.741921,56.64669961,17.47617445
 01/19  21:00:00,762.8346104,96.21671978,173.1676498,0,100.1506573,124.5586935,695.1519027,621.0274675,56.64669961,17.47773559
 01/19  22:00:00,710.0410651,96.21671978,161.9597757,0,100.1506573,124.5586935,723.5771337,663.6611878,42.48502471,17.43092113
 01/19  23:00:00,640.8936664,96.21671978,158.1325111,0,46.09303362,124.5586935,726.8987884,681.1508589,28.3233498,17.42457971
 01/19  24:00:00,648.4160185,96.21671978,161.5194946,0,46.09303362,124.5586935,707.8157141,676.2301777,14.1616749,17.42386146
 01/20  01:00:00,630.4840342,96.21671978,156.4741596,0,46.09303362,113.3127805,717.8060896,703.4177284,5.664669961,8.723691318
 01/20  02:00:00,624.5417469,96.21671978,151.7317193,0,46.09303362,113.3127805,743.0503207,719.9611179,5.664669961,17.42453288
 01/20  03:00:00,618.7759801,96.21671978,146.3467752,0,46.09303362,113.3127805,766.3624853,743.274474,5.664669961,17.42334139
 01/20  04:00:00,614.3894609,96.21671978,142.0956962,0,46.09303362,113.3127805,779.7900312,756.7020726,5.664669961,17.42328867
 01/20  05:00:00,709.4307725,96.21671978,146.253989,0,100.1506573,148.9693994,729.5173846,715.1294102,5.664669961,8.723304479
 01/20  06:00:00,734.0916172,96.7021409,166.9304065,0,100.1506573,149.8943994,961.4514477,929.86436,14.1616749,17.4254128
 01/20  07:00:00,951.4971909,97.59826863,158.4507787,0,176.4710373,302.6124365,745.2148192,699.4652269,28.3233498,17.4262425
 01/20  08:00:00,1064.671312,99.00996894,165.2174203,0,243.2593065,310.1097119,680.888725,612.0114827,42.48502471,26.39221754
 01/20  09:00:00,1141.504454,99.83525358,200.6144481,0,243.2593065,310.1097119,626.6212961,543.438528,56.64669961,26.5360685
 01/20  10:00:00,1238.286272,100.4411427,263.4710135,0,243.2593065,302.6124365,568.0806341,490.0710472,42.48502471,35.52456228
 01/20  11:00:00,1329.526668,100.9358504,345.7405519,0,243.2593065,310.1097119,580.7626217,465.2774502,70.80837451,44.67679699
 01/20  12:00:00,1446.313934,101.3720901,451.559129,0,243.2593065,310.1097119,563.9952022,448.4145841,70.80837451,44.77224356
 01/20  13:00:00,1456.25216,101.8042014,493.8609511,0,243.2593065,310.1097119,540.6727321,434.2544502,70.80837451,35.60990744
 01/20  14:00:00,1491.20673,102.150511,493.8609907,0,243.2593065,302.6124365,524.0313059,422.6131405,56.64669961,44.77146578
 01/20  15:00:00,1489.407768,102.2333125,493.8681871,0,243.2593065,302.6124365,502.3229146,415.1574252,42.48502471,44.68046471
 01/20  16:00:00,1490.212545,102.2363446,493.8684311,0,243.2593065,302.6124365,519.0149672,426.7025409,56.64669961,35.66572677
 01/20  17:00:00,1493.313652,102.4092088,494.3821637,0,243.2593065,310.1097119,547.8792266,427.4411888,84.97004941,35.46798836
 01/20  18:00:00,1496.654026,102.5808029,496.9424011,0,243.2593065,310.1097119,541.4956976,430.2231219,84.97004941,26.30252629
 01/20  19:00:00,1210.468171,96.21671978,498.8287931,0,166.9389264,199.1109338,521.6685928,419.2225557,84.97004941,17.47598765
 01/20  20:00:00,1187.517129,96.21671978,486.7151256,0,166.9389264,191.6136585,498.5708442,424.4468532,56.64669961,17.47729139
 01/20  21:00:00,1051.311222,96.21671978,485.4217498,0,100.1506573,124.5586935,539.8645354,465.7391305,56.64669961,17.47870534
 01/20  22:00:00,980.886558,96.21671978,458.4444258,0,100.1506573,124.5586935,535.0786651,475.1627537,42.48502471,17.43088675
 01/20  23:00:00,871.3909619,96.21671978,415.3715398,0,46.09303362,124.5586935,532.8726871,495.8281849,28.3233498,8.721152398
 01/20  24:00:00,855.894659,96.21671978,402.1175161,0,46.09303362,124.5586935,534.276662,502.6894641,14.1616749,17.42552296
 01/21  01:00:00,850.911048,96.21671978,408.5192301,0,46.09303362,113.3127805,531.6019632,508.5106068,5.664669961,17.42668646
 01/21  02:00:00,861.3690324,96.21671978,420.6323895,0,46.09303362,113.3127805,535.6322134,512.5431636,5.664669961,17.4243799
 01/21  03:00:00,861.7196362,96.21671978,422.9317249,0,46.09303362,113.3127805,533.5190545,519.130464,5.664669961,8.723920579
 01/21  04:00:00,837.8822988,96.21671978,398.9102354,0,46.09303362,113.3127805,551.103508,528.013884,5.664669961,17.42495409
 01/21  05:00:00,827.8194115,96.21671978,381.498726,0,55.62514452,113.3127805,548.6805931,525.5915343,5.664669961,17.42438886
 01/21  06:00:00,824.8449118,96.21671978,377.3598541,0,55.62514452,113.3127805,563.1824645,531.597059,14.1616749,17.42373062
 01/21  07:00:00,895.6184154,96.21671978,376.0689934,0,65.15725541,176.8892702,506.9334915,469.8865908,28.3233498,8.723550854
 01/21  08:00:00,1050.750259,96.5223095,422.1544008,0,109.6827682,220.9681645,838.7783457,778.8674458,42.48502471,17.42587525
 01/21  09:00:00,1073.474582,96.51976314,432.4332206,0,109.6827682,220.9681645,710.0420638,635.876512,56.64669961,17.51885221
 01/21  10:00:00,1208.794615,96.89501454,460.7478596,0,131.9455246,266.9558176,663.6544401,594.7661982,42.48502471,26.40321721
 01/21  11:00:00,1255.884263,96.92523293,501.5905433,0,131.9455246,274.4530929,672.2743424,566.0948895,70.80837451,35.37107838
 01/21  12:00:00,1266.042233,96.93902806,510.3629191,0,131.9455246,274.4530929,635.2231098,537.8898201,70.80837451,26.52491524
 01/21  13:00:00,1238.247286,96.95298115,517.5736145,0,131.9455246,274.4530929,626.0369793,519.8652396,70.80837451,35.36336517
 01/21  14:00:00,1237.722014,97.05984817,526.3359034,0,131.9455246,266.9558176,589.7572634,506.5917997,56.64669961,26.51876411
 01/21  15:00:00,1243.838455,97.15043275,531.9519815,0,131.9455246,266.9558176,564.4006862,486.5539716,42.48502471,35.36168989
 01/21  16:00:00,1168.63799,96.21671978,536.0195497,0,109.6827682,212.5458892,435.5764963,352.4047765,56.64669961,26.52502015
 01/21  17:00:00,1177.518053,96.21671978,536.7244261,0,109.6827682,220.0431645,483.3449318,363.0137351,84.97004941,35.36114729
 01/21  18:00:00,1147.542487,96.21671978,531.3043637,0,109.6827682,220.0431645,500.1476623,388.7917964,84.97004941,26.38581653
 01/21  19:00:00,1095.634488,96.21671978,516.9536786,0,100.1506573,199.1109338,534.2860035,431.8927003,84.97004941,17.42325385